ID	pRoof4	pRoof3	pRoof2	pRoof1	pRoofA	pRoofS	pTrans3	pTrans2	pTrans1	pTransA	pTransS	aR3	aR2	aR1	aRA	aRS	upIS	upIA	pHeight	pLen	pWid	pWHRat	pWLRat	pHLRat	aRHeight	aRDepth	antPArea	antPAreaR	antPLin	overjet	overbite	pArchCorM24	pArchCorM23	pArchCorM22	pArchCorM21	dArchAxial4	dArchAxial3	dArchAxial2	dArchAxial1	slMHeight	slMDepth	ttTotA	ttAvailA	ttRatioA	lowIS	lowIA	cHeight	pm2Height	m2Height	cLen	pm2Len	m2Len	cWidth	pm2Width	m2Width	cp2R	cm2R
16	-1.1115201401e-06	-0.00018741907783	-0.010321231802	0.34597429709	19.017631342	0.34467185908	0.00015617415285	-0.017699536862	-0.099397305286	31.086120647	-0.6029082241	-0.0020812137064	0.23096146174	-8.7361672071	23.846009214	-0.44201211205	-0.61601158946	31.63355067	13.162592488	34.706696035	38.180906342	1.1001020179	2.900713243	0.37925224788	9.741437462	27.636135769	164.12086271	0.51924606932	0.99059797652	7.4291410081	-4.3181544165	1.3415875156e-05	0.00028563828705	-0.054227824081	-0.17581003066	-2.308698729e-05	0.00025656024225	-0.11942957448	-0.31367718009	30.176050632	26.276412641	245.2304749	143.23802687	0.58409554084	0.93162630942	42.972750235	6.4319210953	17.943614919	15.028993226	19.165720279	35.366763728	50.271564329	20.533822175	31.835628704	39.292591812	0.644995026356116	0.522587623469749
17	1.3222580692e-05	6.2584276656e-05	-0.0078581534238	0.078837814934	7.4822934822	0.13133811699	0.0004443789364	-0.060978467487	0.89932621277	39.864520052	-0.83507816491	0.0041675968585	-0.35288343655	9.5179946633	21.608524436	-0.39610012094	-0.677297929	34.109703876	15.37974284	32.821517399	39.766060109	1.2115850594	2.5856128104	0.46858719703	11.459105009	24.675930036	186.5399665	0.5235185749	0.97563340044	3.0710406925	0.64541149139	5.4208195588e-05	0.00085506702	-0.068893580689	-0.55543124762	-5.818523604e-05	-0.00080007632567	-0.085799326614	-0.54892082454	27.482362994	30.106321611	189.85383493	137.64931726	0.72502784742	1.1012828885	47.759549538	3.2521923179	15.723881448	16.24769352	15.634523473	33.864521619	49.37246262	21.549699963	32.325803365	40.455656826	0.666640816924984	0.532674578877445
53	4.5714844677e-05	0.00028483137084	-0.010850281326	-0.024138730464	1.0294736486	0.017969638535	-0.0033679498287	0.20583614334	-4.6202456636	28.873313863	-0.55142211854	0.0090811951677	-0.89164540184	28.466445891	31.674985625	-0.61700963459	-1.422404397	54.891441655	11.781809126	35.437202366	40.322308724	1.1378524836	3.4224208092	0.3324700693	7.403827588	28.369342858	128.19125205	0.54019544842	0.98753770656	3.5822931442	2.2984122427	1.5066848582e-05	-5.7694543895e-05	-0.04390555497	-0.10049934501	-0.00010929166511	-0.00070513787045	-0.045835022902	-0.15362165867	23.446737663	30.136307735	136.03593298	90.261776343	0.66351422281	1.3502401253	53.476018535	4.616150776	10.628679062	12.300809335	16.838911178	30.929932471	44.418995225	24.121870191	32.144710553	39.838436204	0.750414913558733	0.605492396023768
52074	-8.5198252856e-05	0.00073182737243	-0.007314727159	0.17599745316	14.031732007	0.24991634057	0.00021724683928	-0.042831432519	0.95452197554	33.851267592	-0.67073821808	0.019751346316	-2.1655225213	78.195651031	36.632961438	-0.74355850877	-0.84497764976	40.197062786	18.071430338	40.738555679	41.824015829	1.0266445418	2.3143721911	0.44359526343	12.506212051	32.564621726	319.93567213	0.59310542274	0.97522861774	4.8940186724	3.3032412529	1.699879806e-05	0.00021920099844	-0.050370121655	-0.14004824784	-0.00012774317451	0.00060172306148	-0.038124656337	-0.49698198687	28.363189914	33.692060892	162.45297953	97.231881013	0.59852322375	0.84809623195	40.301151726	5.4336829583	15.349845201	16.342552599	17.755883374	35.06648106	53.11953498	24.878739188	33.434862201	42.979126303	0.744095759642637	0.578856326966875
100018	-1.6243726447e-05	-0.0002425171056	-0.00026581705213	0.20992075195	10.892346339	0.19243111568	8.6031148599e-05	-0.043590410496	0.93669907648	41.407584782	-0.88185389133	-0.0033856225344	0.36629257283	-13.4975536	19.199852823	-0.3482339638	-1.571041894	57.522420743	17.099886518	37.021198184	35.029808548	0.94620947636	2.0485404106	0.4618944647	14.471614378	31.079135448	225.09295872	0.52869414553	0.97125167125	2.8951060073	3.6655365303	7.4901146042e-05	3.9851871199e-05	-0.07571598742	-0.15544162136	-0.00030948002891	-0.0036726721703	-0.039557024884	0.27114531759	26.211675853	30.8315495	88.042764481	45.501802874	0.51681479043	1.1149727009	48.111611334	3.6977131694	14.696351508	13.128526454	15.534886944	32.309111433	47.595812941	22.853175076	28.174012748	34.704543087	0.811143775663347	0.658506726877513
100019	-7.4109078561e-05	-0.001532420079	-0.010748946112	0.15605044616	12.669776521	0.2248055095	0.0012953274878	-0.076940051412	0.72791984288	35.240058661	-0.7064699877	0.004413597751	-0.33908748141	7.9097779467	28.124865196	-0.53450811099	-0.96995538472	44.126225795	15.086378124	33.118530933	30.638528221	0.92511736958	2.0308736774	0.45552679118	11.558357003	26.135239124	197.95644432	0.50779758064	0.99248075259	2.1263945794	0.28427100047	6.1753722467e-06	0.000627520032	-0.089430463622	-0.38489710161	-0.00089997563014	-0.0048808587388	0.03785288529	0.011127654983	27.215159333	30.532126559	146.08139464	110.64598971	0.7574269809	1.1758343445	49.620168017	2.9854313208	14.063087548	16.56245922	15.33391611	31.835109573	48.384575042	21.495435965	27.41018676	32.453387457	0.78421340770901	0.662347990436467
100020	1.0684155857e-05	0.00022200826927	-0.015866632538	0.23361858447	16.015739158	0.28704269596	-0.00069587789403	-0.0092090511592	0.32911193484	35.156183889	-0.70427773469	-0.00050036308528	0.097096140899	-4.7656796398	29.114038854	-0.55691383523	-0.97415452594	44.249931063	12.561869833	29.913763077	35.684848652	1.1929240918	2.8407274655	0.41993612774	9.9420530712	25.191370262	153.44875792	0.59445229999	0.9615510957	4.7629238807	4.7767763319	7.1856898027e-06	0.00015518956347	-0.044206269053	-0.20307305198	-0.00012972954852	-0.00070156243854	-0.06236391792	-0.26757956872	21.202976757	25.427489903	84.966619675	39.109391154	0.46029124501	1.1400479149	48.744182092	4.2613136684	11.174897187	11.713076344	15.764252814	25.146099511	38.978791208	20.428001933	26.40232911	34.136453021	0.773719691467023	0.598421925102562
100021	-7.2729821139e-06	2.7421460962e-05	-0.0063400543886	0.15233137616	9.4488201673	0.16642447513	-0.00086988504733	0.011776678477	0.0015616646318	33.961685813	-0.67353600975	0.011162819737	-1.1047863529	35.926657486	22.323765201	-0.4106145218	-0.89244991863	41.747314488	17.029605486	37.153528307	47.97461427	1.2912532525	2.8171301037	0.45835769204	14.684285078	31.156967247	302.07592879	0.60853145031	0.92604370061	3.8377478625	3.0446954399	8.668352633e-06	0.00013382150862	-0.034303603924	-0.16142758958	-1.7921607991e-05	-0.00024618680468	-0.056241765139	-0.27680740581	26.060749564	33.610105863	95.337551956	57.730260866	0.6055353812	1.3480219406	53.430952687	4.1503463307	14.335879524	14.16273362	16.107632084	32.587208329	48.214411166	25.894279338	34.622563516	43.492367718	0.74790185094277	0.595375250800228
100022	-2.1633578034e-05	-0.00064189450899	-0.0045791366492	0.36095144942	18.014347226	0.32519656119	0.000552607746	-0.074076148538	1.5049983267	41.407379849	-0.88184753306	0.0066860079106	-0.70480761219	24.313312203	21.274675218	-0.38937460659	-1.144859773	48.863780983	20.152885824	39.572926286	41.252830646	1.0424508501	2.0469937162	0.5092594285	17.630030568	32.234125311	324.95928082	0.53890457296	0.95954552193	3.2732467898	3.078478887	-1.521336626e-05	-0.00038901395712	-0.043906764105	-0.1367931502	-0.00014366134523	-0.0018100283182	-0.031285098577	0.051452298887	30.31311876	32.234125311	118.16530231	60.019449638	0.5079278643	0.99532796279	44.865842844	2.9069512805	17.996588998	17.472220589	16.031094862	36.841233465	50.975666339	25.251539898	33.933676811	43.98390575	0.744143938148619	0.574108630586996
100023	7.1992012717e-05	-0.0018427232806	0.0026480237129	0.2523147975	8.0510880596	0.14145021547	-0.0020859485922	0.11817272508	-2.5408473438	37.847316543	-0.77700307267	0.027437250009	-3.1595919814	120.47647901	29.908498674	-0.57522289633	-1.4672584029	55.723879436	16.811527779	42.447462766	38.287485074	0.9019970236	2.2774542312	0.39605495084	13.115748134	34.768250381	234.66777227	0.54381682202	0.96191464243	3.961551868	4.0985973057	-2.1886899796e-05	-0.00011720935749	-0.035770273085	0.0040498822961	-0.00014859777281	4.2989092033e-05	-0.040150652257	-0.18575274318	24.726065572	34.272817324	96.915383437	52.282702045	0.53946752508	0.67094180234	33.859311942	5.0592461342	14.91821014	14.139281127	17.635323595	35.320150982	51.17223479	25.583573539	31.832043532	39.106070452	0.803705031167146	0.654209774679409
100024	4.5210825925e-05	-0.0005447594994	-0.012415527621	0.37346951959	14.654216554	0.26149119975	-0.0021866364042	0.083546233114	-1.1178983998	40.950037295	-0.86775693798	0.014707492822	-1.4672062239	47.653455099	43.363569733	-0.94444929112	-2.9589701339	71.327039031	19.085541066	38.50920233	40.482977337	1.0512546323	2.1211333332	0.49560987792	11.224184976	29.767114994	249.97204165	0.56788689026	0.96618066249	2.8859488928	4.1716638004	1.8259145448e-05	0.00049560227266	-0.044170387714	-0.30126201014	-0.00015201017362	-0.00094469398593	-0.038611694833	-0.16900958285	27.43724478	29.767114994	117.50697455	70.775610169	0.60230986661	0.98755416187	44.641225034	3.4633754024	15.181260924	14.221382542	13.305194468	30.41571543	42.932415357	24.816267751	31.291960581	35.375535936	0.793055701535942	0.70150930846381
100025	-1.7467659069e-05	-0.0001523286543	0.0061681053217	0.11626473779	5.6204111921	0.098410537273	-0.0044453791504	0.27598956735	-6.0907949706	34.538218967	-0.68826353899	0.00016658319198	0.038294493843	-3.9583616531	33.451875955	-0.66067834504	-1.4923996617	56.17547111	14.62829352	38.454534915	39.94000048	1.0386291388	2.7303253401	0.38040490029	10.137474646	31.614617291	165.90111137	0.53840497025	0.96237645887	2.7975096276	2.6884216777	-6.0241383904e-06	8.3568662505e-05	-0.035353189588	-0.080777580247	-0.00015670209865	-0.00013486300947	-0.033789770047	-0.16169966485	23.413768322	30.854626444	95.634961516	60.263683425	0.63014281043	0.68562394306	34.435468389	7.6847285108	12.954146108	11.649421554	19.562791558	32.650097475	47.508437962	24.567008612	32.640493348	38.58838642	0.752654328783462	0.636642546920986
100026	1.3733456401e-05	1.8609316944e-06	-0.0045442184203	0.081441564635	4.1295744626	0.072199734451	0.00093815154007	-0.093019866713	1.9612106646	35.832034298	-0.72207301805	-0.0050580961799	0.57495347013	-22.289896982	29.525393395	-0.5663579906	-1.2444722315	51.216260569	18.11717724	39.439480525	41.656485982	1.0562128463	2.2992812529	0.45936652812	14.683963764	33.63586342	314.04442716	0.59104425572	0.95678297369	2.3696520264	2.6076800776	-6.7820725175e-05	-0.0004398284637	-0.017633472097	-0.055113963289	-0.00014455470437	-0.00085266145711	-0.029714537734	-0.15011190485	30.610502663	33.63586342	139.73130872	87.375105948	0.6253080054	0.95072044369	43.552888398	6.0599536207	18.022539568	18.094751427	18.02699696	36.56317848	52.330274994	26.886646089	36.1650696	43.002232743	0.743442398601108	0.625238374241781
303002	7.02858842e-05	0.00019991019389	-0.043425404794	0.34611599562	34.839280789	0.69603533859	-0.0011125922546	0.00053424657954	0.17422895165	44.059105436	-0.96768435702	-0.0093680447412	0.88636736981	-27.997785254	12.166236134	-0.21559089399	-1.4586115098	55.566107466	17.627302991	32.220786748	35.652857414	1.1065172832	2.0225928738	0.54707860266	16.01416268	26.484154625	247.57228015	0.56053898671	0.95395454441	3.4572953027	1.411570549	6.9381480621e-05	-0.00013074085991	-0.078651627724	0.036977139808	-0.00013701340762	0.00040414709945	-0.059911151879	-0.19806188196	29.018424026	27.576846458	100.84776103	55.831073677	0.55361738435	1.7659500867	60.478535775	9.1022319667	15.060887135	16.624300671	19.857727909	27.369764781	42.319152007	20.935403223	26.778826032	35.753199206	0.781789433113414	0.585553284403335
311010	-0.00015511737074	0.0031282486932	-0.017586304899	0.33103474005	16.569987972	0.2975426763	-0.0058977750123	0.29898869666	-5.4407793175	45.502644392	-1.0177013437	-0.0056408640225	0.58298552688	-20.541728044	34.230589653	-0.68038005169	-1.6667112128	59.036919064	17.955568949	34.290917337	40.604582321	1.1841206207	2.2613921306	0.52362463134	13.241760077	27.919881718	196.62412465	0.56559471178	0.94964382528	1.5632731914	1.2151819468	-3.8278052e-06	-0.00028570018123	-0.043088093324	-0.12477505864	-7.2097620257e-05	-0.00073720465202	-0.065618255977	-0.28162916806	28.910162914	29.657436887	111.01968063	75.911077436	0.6837623474	1.2910366879	52.239663622	5.2142967332	17.110048155	12.974949567	15.439892334	32.039757049	43.046598846	21.428401488	32.217674426	36.197322353	0.665113229609989	0.591988580785839
312003	-2.1359714574e-05	0.00019976420294	-0.0021300323046	0.072624578428	6.5316939792	0.11449598877	-0.0020432952758	0.088856874125	-1.6938550553	35.479174845	-0.71274481494	0.011254545256	-1.0986276208	34.887774282	34.168354171	-0.67879218351	-1.5627740392	57.385318825	17.503470768	38.186073579	35.08682394	0.91883822169	2.0045638036	0.45837314833	11.469295944	28.063930764	248.21020401	0.53993476406	0.98013843865	2.9791316986	3.1346421242	5.3732974898e-05	0.00068826055882	-0.071414210558	-0.30582376468	-0.00033192951869	-0.000858648994	-0.0047871583148	-0.25869524329	25.178743358	32.40199197	120.91876563	89.403666505	0.73936965892	1.0202278236	45.57366312	4.0784147878	14.165238673	15.997846164	15.420401124	32.934906297	48.829665546	24.726379518	28.412685174	36.917173531	0.870258455565711	0.669779865385329
312004	-3.7676363412e-05	0.00028724883291	-0.007458162814	0.12147349508	14.807620929	0.26435369721	0.0097845867132	-0.46343026918	5.8988431308	47.480141372	-1.0905494068	0.018474130749	-1.3477732541	32.27098893	19.921586368	-0.36242112769	-0.88898639121	41.636659904	16.366761075	27.881737187	35.276580672	1.2652217627	2.1553794615	0.58700650411	13.028837729	20.787761849	177.49767064	0.50949511588	0.9319078136	-1.609246353	0.0402049608	0.00017165529304	0.0020959003441	-0.10887900004	-0.609606168	4.863901012e-05	0.001796228931	-0.11094585782	-0.92388536666	28.130236508	30.883034445	158.05370706	150.62651281	0.95300841474	1.4950916788	56.223204965	4.8075151554	16.294406337	16.97591247	18.295901977	33.784176621	48.55321069	16.51234148	27.776551058	36.858606827	0.59447054623595	0.447991470689669
316005	6.0743351028e-06	0.00024773905318	-0.0075714568865	0.10553811566	9.4473366473	0.1663978658	-0.0031072836703	0.1251159523	-2.2435759629	45.279428146	-1.0098017627	0.00016585680731	-0.0071053156878	-0.5190844006	25.375692167	-0.4743151087	-1.9073756157	62.332849979	18.821884447	36.76733259	36.413609281	0.99037941335	1.934642059	0.51191868219	13.416396576	26.21402829	210.80544625	0.46729993601	0.96472551996	3.3978328704	0.4788107872	9.8134912907e-05	0.0011969629604	-0.10990187977	-0.35089980222	-8.6624597673e-05	0.0017653565748	-0.10931831038	-0.48560193102	31.587811817	29.351497136	195.91126984	143.86817686	0.73435375606	1.0557033444	46.552162554	1.5307635217	18.836185982	21.654997943	12.082638938	33.50186754	48.606061567	21.908909859	29.649476532	35.399858971	0.738930747575061	0.618898224338918
316007	1.7800115155e-05	0.0003460500083	-0.0082910244308	0.080726054187	8.4604488047	0.14874535722	0.002117217897	-0.16549457336	3.3665242406	33.613430935	-0.66473635446	-0.00019844350924	0.025841002714	-1.4005255575	19.161876869	-0.3474909534	-0.84070788523	40.054030788	13.202993554	37.772445049	40.721223635	1.0780669237	3.0842417265	0.34954034713	10.046480072	28.676193282	171.32838877	0.50510883825	0.96562082719	4.7346055034	0.71739520457	-2.5771398833e-05	-0.00049676832194	-0.033412557141	-0.32649939676	-0.00012356739967	-0.0033777326133	-0.076129715776	-0.17714508326	24.517713469	29.211266915	163.30766486	88.655917208	0.54287664504	0.91933349385	42.593366696	4.7206006844	14.664746725	14.548459569	16.112993501	31.858899669	45.770163366	27.36937617	32.144271498	43.096914299	0.851454237241087	0.635065795664983
319009	3.9325494973e-06	0.00051155691771	-0.012000941272	0.11597217577	9.8614298017	0.17383433836	6.1742092106e-05	-0.033797269496	0.74421693394	32.334587815	-0.63301900506	-0.0039739260371	0.40743398223	-14.110983782	14.022096058	-0.24973766487	-0.89932160733	41.965730644	11.158348952	37.621074217	45.108688478	1.1990271256	4.0425952505	0.29659836102	9.0569923822	28.812404906	128.73931133	0.48096741911	0.96583855468	2.5251700182	1.2167406082	-1.747050599e-05	-0.000132188659	-0.013877192732	-0.051273148142	-8.5154425872e-05	-0.00064308780552	-0.035685518057	-0.14860680977	20.478128261	31.242382647	117.46055081	70.167057073	0.59736700185	1.0104071291	45.296596267	3.1076504016	11.513388634	11.0737257	15.230572051	30.121912747	44.944230554	28.005538006	37.860851745	47.60202986	0.739696459937632	0.588326550114895
319011	-2.8943574731e-05	0.00040568462597	-0.0047401300222	0.14089798195	13.396869911	0.23817587398	-0.00028877692028	0.0023709475202	-0.20420944743	27.387824068	-0.51808118658	-0.0074246927596	0.74352860594	-25.092365882	19.327870247	-0.35074119403	-1.6935283635	59.438864133	12.492591796	37.995177069	45.90167211	1.2080920699	3.6743113726	0.32879414599	8.5588012005	29.52934322	182.35070353	0.56092530098	0.98653905016	4.307073482	5.8015484669	3.4909084561e-05	0.00056750962353	-0.035419096944	-0.24133901248	-1.4690973928e-05	-0.00088391473209	-0.084182231664	-0.27961923606	20.426550189	30.469991425	110.50806315	62.131605195	0.5622359439	0.99809850219	44.945474276	2.4391376693	10.200345649	11.158555581	15.431789089	31.214589921	46.57453965	24.524097716	33.048988945	44.37529855	0.742052888722645	0.552652004997046
321012	-1.1915914247e-05	-0.00045156275516	-0.0063832977729	0.1997851376	11.005081451	0.19447234975	8.1959826168e-05	-0.037123246866	0.72608610217	34.63550163	-0.69076867962	-0.006941111726	0.67805277576	-22.400157674	19.910648564	-0.3622051673	-1.8701567527	61.865936493	15.386332774	35.604554392	39.227695465	1.1017606072	2.549515602	0.43214507348	13.017601721	30.405450511	245.73505193	0.59706316391	0.96252095135	3.96733284	3.6485921144	-3.1408788704e-05	-0.0005043832187	-0.02902339606	0.043506362704	-0.00017303031822	-0.00082857400141	-0.011006195695	0.031686199294	24.518817371	27.80589857	78.102106222	30.118150407	0.38562532899	1.0336773468	45.948721529	3.8449558998	12.132752072	12.247908517	15.599253267	29.760022253	44.496539839	25.086682003	34.057347784	38.144026112	0.736601163487711	0.65768311738618
323029	-2.5570139738e-05	-0.00023866084841	0.0028778702186	0.080714445682	3.4035545154	0.059473204266	-0.00049492857193	0.015400360277	-0.61194134763	35.033655774	-0.70108330129	0.012735702308	-1.3514680265	47.407388447	15.556646533	-0.27838954233	-0.82111682399	39.38999364	15.165671681	39.464959609	37.295074976	0.94501743688	2.4591772631	0.38428195115	12.162385382	31.443251608	194.89783089	0.4834528601	0.98306676339	4.8834833437	3.092254179	-6.4628833783e-05	-0.00054437275402	-0.020521804529	-0.10846247149	-7.888498407e-05	-0.00087475616524	-0.066198648751	-0.27677841151	22.130383455	30.583782894	93.052913761	42.137145744	0.45282994418	0.67590599349	34.054996394	4.374776951	12.9603735	12.587608629	17.415036914	33.703318721	49.596576285	23.307406916	30.360662873	38.023398067	0.767684388628006	0.612975380972807
325118	-4.1277590776e-05	-0.00028264077667	0.0010638214618	0.21854726728	12.38417756	0.21957477397	0.0038383864553	-0.24342911161	4.0365824172	39.524369533	-0.82505098873	0.005310238361	-0.52541687885	17.148612079	7.2628885821	-0.12744466329	-0.76326728872	37.353309765	15.598298341	37.799121895	37.501191021	0.99211804773	2.4041847515	0.41266298155	14.438911889	29.424700623	211.28113155	0.46672594138	0.94535166126	2.9696961836	1.9746932605	1.6225313218e-05	6.2423475197e-05	-0.053092640981	-0.20152995695	-0.00010914603901	0.00026521680533	-0.050843167057	-0.40638902068	27.065162683	33.611911259	169.83495802	115.58656314	0.68058169231	0.95926720783	43.809003224	0.9054992709	14.804349273	14.871412789	16.048983856	36.148982362	52.087656772	23.51194751	32.239081446	40.407857537	0.729299547488106	0.581865729665844
330017	2.3848995188e-05	-0.00015112855874	-0.0071621361229	0.23627028641	11.591600241	0.20511774415	0.0051297606351	-0.43211916391	10.578060879	51.317715649	-1.2489952703	0.0090260142419	-0.95294773376	32.716533088	37.004331319	-0.75367257923	-1.393048071	54.327312254	20.408929552	38.222981474	42.307372428	1.106856943	2.0729834124	0.5339439459	15.684344083	31.258407655	255.02000698	0.55178692987	0.98064194647	5.8125290548	6.0522099625	-3.1959417241e-05	-0.00042910840755	-0.022125305124	-0.14476139848	-6.8740212383e-05	-0.00085667920554	-0.044723952166	-0.29806885661	26.159930005	28.911216675	69.122626819	29.110038789	0.4211361768	0.7142979028	35.53814021	7.3365882651	18.493710546	14.92469265	19.206792803	35.905951664	47.796047517	22.929168542	35.372466584	42.749916411	0.648220798726305	0.536355868431595
401019	4.1857275319e-05	0.0007301596184	-0.010118256631	0.065800565697	9.1129019032	0.16040501498	0.0014344012189	-0.092600647417	1.21202552	32.218080963	-0.6301744133	-0.007451519696	0.67237678999	-20.476863806	19.322362381	-0.35063324137	-1.5640627522	57.406756652	13.428001163	33.565015121	41.296448984	1.2303420343	3.0753980791	0.40005944031	9.8297997751	24.754249943	186.37139994	0.52605472272	0.9825160635	2.3836324696	2.8956548568	4.0194369117e-05	0.00038402701875	-0.046902107142	-0.13325515536	-0.00010789485206	-6.156822393e-05	-0.039877096673	-0.11849117237	22.935643722	30.536314591	122.32324824	92.266389182	0.7542833477	2.0230286535	63.696427322	2.5257521853	11.702545366	11.91166224	15.236098978	30.933088211	45.955024544	24.476711591	32.379816735	43.168959055	0.755924957553655	0.566997957023126
401020	-3.4890153048e-05	0.00099048607696	-0.0099811647169	0.099650139064	4.9247347274	0.086165133205	-0.00015473023253	-0.032882303262	1.2381305794	45.065059558	-1.0022735896	-0.05180073657	6.0173468944	-233.09938476	25.567557187	-0.47842369403	-1.64999048	58.781450705	16.286522567	39.035165828	43.728125947	1.1202239063	2.6849271086	0.41722693427	14.407184465	35.738446264	172.69914362	0.55352154368	0.97262569599	4.1035991222	3.0069297916	-1.6735477914e-05	-0.00013987010887	-0.024668242076	-0.04616746807	-6.3903381583e-05	-0.00015583650424	-0.047105359653	-0.27890894848	25.620686896	32.042061425	61.857420396	21.807298958	0.3525413575	1.0027750628	45.079389488	5.9396188933	14.36537062	13.307137168	16.741092799	31.457970553	46.218138374	23.366588596	33.511522872	40.816163385	0.69727026984869	0.572483708858027
402023	2.243056008e-05	0.00038361854355	-0.010291745547	0.25900339182	19.924037062	0.36246951927	0.0023477310619	-0.15845786794	2.4248688431	40.95349467	-0.86786272418	0.014135680204	-1.1755303706	31.61898756	37.118309334	-0.75679652074	-0.56494519067	29.464067774	18.145688502	32.748243137	40.311547012	1.2309529657	2.2215495988	0.55409654882	10.61401728	22.873620899	243.111085	0.55396549656	0.98424930529	2.2394698565	0.99987092472	3.6424662212e-05	0.0003436661086	-0.055745065535	-0.20011613433	-3.4067009018e-05	0.00010752509351	-0.066067313702	-0.1811284022	26.714579749	29.27735029	152.01465842	135.37063329	0.8905103935	0.14132171283	8.0438696954	4.5665635573	15.495905007	14.369924679	15.660741934	31.047002572	43.609804061	21.362971202	31.878031963	36.91316879	0.670147116572172	0.578735771061393
409029	1.1134520142e-06	0.0002759972634	-0.0077592776123	0.1083002613	6.9071388314	0.1211397194	-0.0022052121877	0.12420634778	-2.6549538548	33.944235757	-0.67309337532	-0.019490711277	2.150862756	-79.359976771	19.780079517	-0.35962945961	-2.1775477287	65.33388986	13.804926228	38.442256889	36.804825951	0.95740544209	2.6660646601	0.35910811032	11.204877453	33.26479175	171.50245715	0.56803663279	0.95646153132	4.1006570179	6.32440304	-2.9928568969e-05	-5.164132021e-05	-0.017242132208	0.019792456769	6.8921600764e-06	0.00070471639678	-0.094617015415	-0.33258884634	21.246733475	30.195515956	59.918673651	21.583716411	0.36021685889	0.96449652971	43.964631624	3.7655558193	10.555258982	9.8278777028	15.298429434	29.443719282	44.095085356	22.025548172	29.99320668	37.945288395	0.734351228496252	0.580455416301495
409030	-1.3733391396e-06	-3.2278367333e-05	-0.0039663184941	0.257536357	14.548892554	0.2595281953	0.0016949136072	-0.12108730871	2.0001789837	34.850460293	-0.69632502551	0.0012075435433	-0.08033694062	0.99427284187	19.958662686	-0.36315339983	-0.75142657687	36.922173409	14.701176589	37.285744963	40.922098387	1.0975266399	2.7835934179	0.39428410518	11.505017651	28.31675551	183.65598661	0.47602802972	0.98320656555	3.5629365013	1.4328475877	-1.2693393031e-05	-0.00016758527193	-0.029492272855	-0.13368871933	-0.00011741804796	-0.0011324723614	-0.05257556001	-0.3546568863	24.637583002	33.190284263	149.8238609	106.50832026	0.71089023885	0.94051420508	43.244167456	2.6426890546	13.883285345	12.796401551	16.065101799	32.705129823	47.434567867	24.41699257	33.007038674	40.653108214	0.739751081917977	0.600618098903231
413034	3.9676973237e-05	-0.0017927784816	0.02636109214	-0.00069685276883	7.7005894912	0.1352157813	-0.001390419793	0.035621157046	0.13762598245	39.761947217	-0.83204403459	0.008634531693	-0.89983186273	30.384731781	38.64722272	-0.79963982252	-1.0348305913	45.980647241	16.021984775	38.899777346	36.988332158	0.95086231031	2.3085986335	0.41187857279	11.22544504	32.64344894	207.11386508	0.60139242041	0.95901795523	6.7699078017	5.7654844127	5.6615746527e-05	2.3077126643e-05	-0.066074286902	-0.097262919698	-0.00013134552791	-0.00065458520773	-0.093866544214	-0.33781898089	22.695939975	30.652798992	70.894112726	17.170510579	0.24219938608	1.5155859288	56.582739631	4.1084369679	13.943584225	13.16783873	15.134550859	31.188114616	44.825415146	21.151184032	26.478751913	31.511897571	0.798798376203511	0.671212642283566
413035	0.00014454310999	-0.0012356761767	-0.030785175073	0.48458424006	20.042425788	0.36480902339	0.0010670495172	-0.08770897257	1.7298074128	28.68110979	-0.54705556635	0.01033860896	-1.0141150204	33.036354024	3.651088428	0.063809908414	-1.0589063346	46.6388137	9.9711283543	36.834898577	34.559300933	0.93822169375	3.4659368233	0.27069786369	9.7872834283	32.44715029	121.07815889	0.50395492376	0.97402586653	3.7647823715	0.45164754174	7.4470983127e-05	0.0014326395648	-0.058885018423	-0.47261964837	0.00017843998528	0.0026606803258	-0.19065200871	-1.1961251718	20.722687352	33.370886771	90.550083183	51.413360733	0.56778921594	1.664709489	59.006534225	4.0147185769	11.437689634	12.251018241	14.551102138	28.503032665	44.45421687	23.593430966	32.078007367	33.840875685	0.735501762814344	0.697187365528423
414038	-3.5868227788e-05	7.9029385572e-05	0.0031492617214	0.32700206715	18.288480022	0.33049534233	-0.0054522761563	0.28733036555	-5.3263459246	37.915837583	-0.77892279113	0.01414856107	-1.2329438646	35.051826771	26.335497115	-0.49500189291	-1.2585589407	51.530767536	12.919688929	33.940447572	42.248594587	1.2447860181	3.270093794	0.38065758861	9.8521300673	28.444007664	132.19328329	0.55443317502	0.94882245076	4.5253126161	4.3161325249	1.3793297506e-05	0.00018742883199	-0.027307549378	-0.13455679639	-1.9175350212e-05	-0.00076222449267	-0.088584768873	-0.21853127137	21.798620897	28.444007664	87.413164501	43.363133508	0.49607097233	1.2374315184	51.057437661	7.4031928516	11.163294992	6.8141587089	19.046251203	31.16089974	44.086031966	21.68364748	30.435812896	37.964897481	0.712438585231602	0.571149902112915
416039	7.7629951662e-05	0.00089411376072	-0.030765758489	0.12379713143	16.609317567	0.29829003085	-0.0015793151363	0.063671442766	-0.92697190341	28.773666451	-0.54915628906	0.011061963681	-1.212183204	43.368519689	38.788403977	-0.80368747395	-0.77880920319	37.911786805	22.045446592	40.947232221	41.821539461	1.0213520473	1.8970602063	0.53838673328	15.814426139	33.799647913	538.16703843	0.69834660223	0.86600954778	4.6002806405	3.2583904795	-7.7038959278e-06	-0.00023338534394	-0.045313661079	-0.13574178763	-0.00021502353036	-0.0019580548012	0.002640220118	0.040022002192	28.764358622	32.211295844	96.265517114	51.346463069	0.53338375577	0.57496427662	29.897363591	5.5368766447	15.07620799	18.506019098	19.113322812	36.745321334	54.277910028	25.474389546	34.45417357	42.606022403	0.739370209946963	0.597905838405753
416040	-1.1547483868e-05	6.2026474018e-06	-0.005368974412	0.22536582302	13.79162713	0.24546861348	-0.0002924998768	-0.060103660085	1.6666113071	47.034717207	-1.0736722904	-0.013094553125	1.2253275972	-38.571793397	27.673774755	-0.52442799689	-1.2439967716	51.205569609	17.719948728	32.993867076	35.017056176	1.0613201567	1.9761375562	0.5370679553	13.847709039	26.325143005	209.06714989	0.5525886391	0.95957690561	4.2192662247	4.5346915722	-3.1080371264e-05	0.0004751064808	-0.043357501211	-0.29753423607	-0.00026022837505	-0.0017874596498	-0.017449349087	-0.13850641011	26.662248757	28.270187526	101.78535852	55.519112138	0.54545283274	1.4647922288	55.679010882	4.6407849492	15.814189374	15.026347748	16.754222219	34.564497915	48.437858305	23.905916683	31.610473637	34.888779159	0.756265690844258	0.685203588639563
416041	8.8566104797e-05	0.0014684562622	-0.028067968187	0.073970713765	11.903081953	0.21078923216	-0.00094446242432	0.017322043469	-0.11794569666	33.37213583	-0.65868096916	-0.025319174573	2.4999732972	-82.675303456	30.787451098	-0.59582282895	-1.7894361784	60.802002567	15.982822433	35.149703227	35.66120706	1.0145521522	2.2312208754	0.45470718001	11.961263545	29.094056441	262.15027583	0.63345743319	0.96320348456	3.202167511	2.9932550833	1.4306222738e-05	-0.00048567681509	-0.053502374998	0.0081606490903	-0.00025677560703	-0.00226769008	-0.0198506687	0.029246742665	25.574721217	31.144532603	89.815647854	56.218440597	0.62593147119	1.8211255041	61.228328359	5.600717907	12.785254681	13.413762862	17.395869826	31.553137199	46.378646674	21.747231464	31.881700255	34.624266945	0.682122700171531	0.628092184552097
416042	-3.6162943395e-06	-0.0008952922851	-0.0011325765389	0.40016559031	17.73422977	0.31979910511	0.00064573282366	-0.088403690462	1.9937441507	39.686535585	-0.8298190999	0.016433723512	-1.632772671	53.388056011	29.393163388	-0.5633138463	-1.248408683	51.30458333	16.987303542	36.316449372	37.839787128	1.0419462195	2.2275334654	0.46775782975	13.122886513	29.532751926	235.46771951	0.56512807462	0.96826433363	3.091585211	2.5720839573	4.6820310547e-05	-5.0358863141e-05	-0.060778251713	-0.033236319941	-0.00018274584861	-0.00054304503845	-0.036370575314	-0.15711846328	26.378138906	30.286496086	106.77579908	64.759589194	0.60650062797	1.0440289615	46.233976459	2.6200827665	15.119699326	13.033168064	13.841035106	31.335623814	45.440673756	24.993783084	30.563725855	36.769350811	0.817759693388664	0.679745019499305
420043	-5.1738619606e-05	-0.00015112657073	0.0079145399678	0.16952390908	11.571158809	0.20474599055	-0.00012178795296	-0.028439405777	0.59008811324	32.241691874	-0.63075029937	0.0026934123994	-0.24314588193	6.6570359974	32.43190896	-0.63540078368	-1.116433934	48.14890763	13.271260082	33.696188048	37.561156807	1.1147004745	2.8302630327	0.39385048727	8.1824124597	25.744217671	163.2622667	0.56547629232	0.98551146508	4.2054261068	2.9984216989	-3.2734193076e-05	0.00052825584408	-0.013475740574	-0.25280232527	-0.00013572191804	-0.00059282659322	-0.051045438863	-0.39362203204	22.455134342	27.265582025	130.82731986	80.102851621	0.61227923729	1.0107901814	45.307454216	3.8238759487	12.281443135	10.201005614	16.527142705	31.280362671	47.402955659	21.706626973	30.416327032	39.728123811	0.713650499291488	0.546379362797642
420044	6.8458735549e-06	0.0008689465844	-0.0056566069772	0.034179433953	13.250290596	0.23547409655	0.00052123158631	-0.054913873356	0.80063673397	32.124207235	-0.62788772329	0.0073868436223	-0.61944479452	16.509614392	32.786178323	-0.64411465214	-0.79471721586	38.47477033	16.321400217	34.043253623	37.695142543	1.1072720299	2.3095532272	0.47943126698	10.993857745	25.573617618	244.90865869	0.57319034777	0.96496083824	3.297087051	-0.099025358438	1.8664597819e-06	0.0012143995988	-0.056258051115	-0.53105753687	4.9676686279e-05	0.0013516243156	-0.13028521719	-0.74186964277	29.772215961	29.391435624	212.79281074	153.4698844	0.72121743148	0.89532570275	41.838902647	4.507507025	18.109347501	18.44697677	16.613016487	34.660126374	50.907811344	22.841588754	31.845870937	41.649242144	0.717254327858925	0.548427476183755
420045	1.8892220953e-05	0.00086646485981	-0.0048098670015	0.098924159936	15.890320028	0.28467484573	0.00025706009074	-0.043390270516	0.65488883161	30.497824302	-0.58899386879	-0.00061633806407	0.045708184999	-1.6119500029	27.312174872	-0.51640761623	-1.0258165878	45.730126046	13.114744184	31.730001263	43.903834173	1.3836694745	3.3476698863	0.41332315355	10.371247619	25.87781163	184.21263213	0.58816681086	0.97102864549	3.110766174	1.7236193068	-2.7158649524e-05	-5.3248324163e-05	-0.016623124635	-0.038534514214	-5.2197465892e-05	-3.5047306192e-05	-0.046596331242	-0.25325158441	23.674104176	30.194219138	113.3815555	80.432031803	0.70939255901	1.6122932807	58.191380874	2.7804610485	12.199600818	12.608576263	13.724494345	29.51797883	44.139504865	23.83854164	34.871803434	42.919015538	0.683605070357716	0.555430765155683
420046	1.6705869049e-06	7.5187914219e-06	-0.016234820013	0.41875021354	28.0787059	0.53347275681	0.00042857542294	-0.055357308552	1.24546999	33.833411497	-0.67028645776	0.016258001383	-1.8183455445	67.116545568	26.559044111	-0.49986895302	-1.2044727655	50.299227192	17.320053755	41.398301677	35.927507676	0.86784979626	2.0743300329	0.4183759491	14.642184805	35.916898699	286.18579275	0.57101188296	0.96613927203	4.1885134447	0.61180913706	-4.3490930373e-05	-0.00015949577428	-0.04175259248	0.024301008167	-0.00026200790589	0.00020722995741	-0.02421151479	-0.34166774129	29.267156866	34.634403004	123.00801371	73.827457906	0.60018413176	0.80649686536	38.886067431	6.6243177838	16.656715375	15.246772323	19.807473131	37.575978185	53.169312191	23.604267601	32.456504293	36.487873358	0.72725846837704	0.646907189394329
430050	3.8910795172e-05	-0.00032913754563	-0.017969820438	0.262042163	10.747020706	0.18980205984	0.001598658766	-0.12668505683	2.2725349858	43.78391444	-0.95842674282	0.0081037254829	-0.85779407347	29.697078263	25.661940116	-0.48044963297	-1.3629456452	53.732317802	19.400891838	40.167479712	38.011684941	0.94632984728	1.9592751332	0.48299997853	15.786496956	32.461761321	238.6741239	0.47938197762	0.98820743711	4.643253647	2.2400110419	6.3135744394e-05	0.00057397330386	-0.074617730107	-0.24055401078	-5.871085982e-05	0.0010794538413	-0.091581258277	-0.6345531177	31.182242814	30.867474758	152.16788727	83.635412189	0.5496259013	0.76111605943	37.275345595	3.8719846738	17.131904342	18.637215054	18.921470751	38.104232962	53.215754269	20.64141566	27.176633406	39.052847829	0.759528060434551	0.528550843471959
430051	0.00024047175705	0.0049312702453	-0.024316604555	-0.1626841546	19.245177101	0.3491211954	-0.00038780587397	-0.012827017953	0.39377149211	35.143020999	-0.70393410394	-0.0059041574046	0.68448862472	-26.696096713	26.50234118	-0.49863262783	-1.3763091515	53.998559473	19.601453629	39.171695506	41.968358189	1.0713949868	2.1410839718	0.50039839674	15.338438048	31.579437111	397.5523962	0.63239678286	0.94952058938	6.0758875681	5.7379462455	1.8826714935e-06	-0.00034312308696	-0.044315485523	-0.10364712241	-2.3905482667e-05	-0.00083616979989	-0.087410924311	-0.13204911397	27.191639994	29.807910152	93.26082432	29.739047529	0.31888038462	0.98584277276	44.591540861	1.697357473	12.799096107	14.825027325	14.914156152	31.603950836	46.420356914	19.685730785	29.831679555	36.86367345	0.65989347829732	0.534014354584079
504053	-5.9512251612e-05	-0.00032349608785	0.017648537173	0.21291466571	10.738210764	0.18964276273	-0.00026809634119	-0.015650944526	0.39135324266	34.065428721	-0.67617128693	0.0027172960711	-0.24887972916	7.2679826786	17.420000597	-0.31376440424	-0.90270086768	42.072594076	11.455049625	33.892821275	39.099810883	1.1536310467	3.4133253161	0.33797863955	9.6413740992	29.116409897	121.76895282	0.53588406216	0.97355037016	2.2650797562	0.97901509611	-6.8973707009e-05	-0.00045591605015	0.003509615263	0.0087905126065	-0.00016245005425	-8.4147290524e-05	-0.02281324488	-0.15869262334	22.89762109	29.870580114	113.65207696	71.580382171	0.62982027329	1.073698647	47.035418676	4.5192850935	10.588948557	6.3580128009	17.593858758	30.471374765	45.582338781	24.775190251	33.41662921	43.169606608	0.741403033061933	0.573903544592616
507054	1.5507958924e-06	-9.351310644e-05	0.00080727094981	0.12320140508	5.7466839547	0.10063624279	0.00088139972124	-0.10166829691	2.9014572369	35.838670447	-0.72224924414	0.0050281074944	-0.65277248095	27.673478913	28.742946924	-0.54845864726	-1.2502180209	51.345066028	18.379274315	46.371838853	46.009126741	0.9921781814	2.5033157432	0.39634560047	15.131343181	40.802819055	324.7209462	0.59307321535	0.97411295566	8.1921405792	5.4009973426	2.1965582127e-05	4.379160145e-05	-0.038957552779	-0.082407319958	7.9690584917e-06	-0.00058825330669	-0.096958517958	-0.14360451802	23.158137252	32.595842511	45.298042764	10.446817471	0.23062403657	0.43687801238	23.599458966	4.4663468946	13.761769163	12.424202609	19.78313941	36.676009343	52.764593183	21.402645613	30.12759302	38.067469158	0.71040011722118	0.562229275714857
511055	-1.6483300481e-05	0.00054583811724	-0.012428077108	0.35831240982	20.196910031	0.36786713077	0.0023362995797	-0.21872601325	5.7153439372	40.309444893	-0.84834511454	-0.017078073298	2.1031087846	-86.297349697	2.7604316874	-0.048215933443	-0.86471237026	40.850377403	16.180124361	43.273537081	40.996355328	0.94737703672	2.5337478509	0.37390343967	15.597025674	37.752884578	222.4154776	0.5099222167	0.96171193203	2.4663563471	1.2331351299	-2.7127577874e-05	-0.00020080168105	-0.029227663461	-0.055376612927	-0.00013752140639	-0.00066203872409	-0.059249760606	-0.06844825175	25.203652712	37.251007078	82.686420085	43.228966299	0.52280611803	0.77877401403	37.910531798	3.4706444133	15.524869899	15.672301467	15.074333422	31.351170149	46.156393665	24.625967531	32.48052743	40.261114713	0.758176343782358	0.61165637629622
511856	-7.0540459526e-05	-9.0624286785e-05	-0.005865304721	0.11255411637	14.479669778	0.2582390577	0.00076405018631	-0.081124626386	1.2631639241	40.147360121	-0.84349189709	0.0080822894964	-0.72879328904	21.619223098	12.567488196	-0.22293076885	-0.7546242338	37.039089022	16.240253612	34.104547291	41.274183528	1.2102252282	2.5414740751	0.47619027086	14.886488243	26.601727043	216.46660009	0.50757002877	0.96292284235	5.2433656577	2.8704736723	7.4815959946e-06	0.00024082465391	-0.04444369093	-0.21208159756	-0.00014662402744	-0.0010559820047	-0.0073606309047	0.049621943467	24.637418773	29.013347837	104.39323762	55.419690927	0.53087433814	1.0957304869	47.615385321	1.8266380186	14.910226398	16.087663272	14.590186546	32.551455945	46.916763965	25.850573962	36.56573277	42.728257643	0.706961737225429	0.604999487177428
512070	-0.00030021005973	0.0043418797403	-0.0070971005319	0.37461661567	21.961376228	0.40324228709	-0.00055485879532	0.013801184312	-0.37848807853	37.120162028	-0.75684737752	-0.0014716946065	0.2192469214	-10.501638983	11.560605755	-0.20455409101	-1.2784898447	51.968448822	17.073018536	42.027493043	38.948749815	0.92674454256	2.2813042541	0.40623452172	14.850586994	34.50113785	228.79891704	0.48452707576	0.96837856899	6.3830978422	4.1279967992	9.9864143904e-05	-0.00026454542737	-0.062937321742	0.12977115207	9.9881116704e-05	0.00065142966492	-0.13673644149	0.03545719437	30.293124961	35.03873465	157.27880845	59.806098607	0.38025528802	1.7492353487	60.244330831	0.3720063716	12.035366696	13.316812649	12.930898439	27.877929487	44.295399692	21.705440858	28.692956236	35.154733454	0.756472796998414	0.617425840716488
520058	3.885189965e-05	0.0013131769473	-0.01713388929	0.098370429158	16.292396261	0.29227641138	3.5376289524e-05	-0.024135287903	0.4362462717	30.62999972	-0.59210529228	0.00063111331061	-0.011587219361	-2.2183337061	22.143916953	-0.4069510481	-0.73015784657	36.13534359	16.482418999	41.574442174	32.994252557	0.79361864723	2.001784602	0.39645556591	13.277823717	33.741146238	307.17222446	0.57326659477	0.96849542924	13.231200536	-1.3144476054	-3.2536544505e-05	-0.00077889061444	-0.060870174028	0.043803218744	-0.00013545783961	0.00041581098237	-0.0966215531	-0.4639839069	29.098782577	26.691179897	170.70178168	61.632270584	0.36105229821	1.0098323875	45.280296912	6.966081062	15.032902512	16.862062156	19.338556973	33.44340433	50.696860899	19.209385425	28.065178017	34.427733533	0.684456211657173	0.55796253350768
520060	-1.1799755087e-05	0.00037954911386	-0.0086414427087	0.10366234132	5.3888431474	0.094331371025	-0.0022481826052	0.12851974104	-2.8436220181	33.918725739	-0.67244662001	-0.0049446450928	0.53013402437	-19.468404931	29.491827357	-0.5655844951	-1.9583993319	62.950185058	14.942351124	39.687833738	38.054275502	0.95883982363	2.5467394781	0.37649701977	10.590597361	32.091334349	194.7721934	0.55944806173	0.97855473122	2.6742783029	2.6072668492	1.5411104422e-05	0.00024204882657	-0.045683829639	-0.29536609885	-8.4163114392e-05	-0.0013874847146	-0.080351271033	-0.34066307164	24.579934795	32.328724955	109.18419694	63.26135683	0.57940030334	0.94209106486	43.292070421	4.7139634018	13.069661442	13.393571057	16.385245054	31.522258239	48.336064134	22.293325124	31.19298793	36.907550531	0.714690275071703	0.604031554607641
520061	-9.8304260157e-06	0.00069664078101	-0.012852422892	0.15500438798	9.7183675643	0.1712630895	6.4683000328e-05	-0.081726672313	2.6799372052	45.454052997	-1.0159763824	0.01749022669	-1.6587826002	51.814154625	25.022099201	-0.46677731501	-1.1293974644	48.477426454	14.610249551	35.601793389	36.209126869	1.0170590699	2.4783373304	0.41037959497	11.891951575	29.352847554	151.48448161	0.5249902531	0.95180712074	5.5198320493	3.8345883731	3.6212091509e-05	0.00062102835683	-0.067119064941	-0.1446064676	-0.0002567879091	0.0016925689451	-0.029105198132	-0.59288080327	25.094717498	30.352678888	113.98662284	58.743916552	0.51535798755	1.5374665589	56.959192628	4.7047488601	16.054559363	15.505327154	17.726195935	34.165927297	48.44858374	21.77784496	30.446014012	38.459778142	0.715293796797718	0.566249885259154
521062	-9.2972482996e-06	0.00052608367163	-0.0051883356474	0.0066794285065	6.7812476004	0.11891084881	0.002091838015	-0.14429508276	2.2536824184	40.887050783	-0.86583165999	-0.0104884862	1.0385278617	-34.185822497	6.1510934028	-0.10777118953	-0.89840431626	41.936660828	14.5389503	34.47693095	37.827229676	1.0971750859	2.6017854724	0.42170082719	13.346045307	27.438838215	197.93797379	0.50351669962	0.94089094088	2.2382055975	1.7648102922	4.5431618307e-05	0.00031000638706	-0.058999957697	-0.21180505954	-0.00014277155627	-0.0012977862334	-0.043107217576	-0.019244747066	23.385416308	32.04066808	92.914365552	62.491430708	0.67257017079	1.7628035108	60.434702934	1.7711738255	13.707263887	14.471655202	13.387252278	29.993112376	45.075092662	23.420990945	32.076122026	40.625174447	0.73016903121941	0.576514224586414
521063	-4.4247723262e-05	0.0003717687998	-0.0032820011875	0.13433976519	7.1914192031	0.12617722808	-0.00020761187398	-0.025679742695	0.6413920252	36.95184984	-0.752237301	0.0010453920406	-0.10202385203	2.8385885136	25.405899089	-0.47496108959	-0.96042294728	43.843468902	15.064282055	35.302761565	34.604808019	0.98022949154	2.2971428636	0.42671681726	12.165403673	29.315796836	184.96586603	0.54188730134	0.97132532072	3.3607347004	2.2151195916	-2.9227030594e-05	0.00021239838314	-0.052647234443	-0.41554238143	-0.00036655896705	-0.0040000754584	-0.049457821106	-0.12439916935	24.447253616	31.710582728	102.80596715	66.880144932	0.65054730561	1.0398665059	46.119628061	4.289229104	16.468801053	15.655418225	15.739791495	32.388439035	48.154216068	22.514449659	30.423477137	36.351711499	0.740035386409487	0.619350471562236
521064	-0.00025289591857	0.0051268835496	-0.031110704591	0.146331002	7.0995389039	0.12454841188	-0.00043855498117	-0.0016875901699	0.097572410451	31.74240282	-0.61863542015	-0.014040334728	1.4368864055	-49.35160358	23.464792672	-0.43408191083	-0.92398716049	42.737536345	14.870859963	37.952938273	45.078468779	1.1877464784	3.031328981	0.39182368059	11.685376298	30.863604844	223.60081093	0.56501711354	0.97370582557	4.6063259528	3.0926790589	2.9817918598e-05	0.00018748654544	-0.044268820139	-0.049378611477	-8.7028695606e-05	0.00058293548481	-0.039194473958	-0.35246447391	27.108733646	32.226938196	158.84314703	82.426562684	0.51891796546	1.4220868839	54.885423306	2.7489632451	13.235160878	13.874617656	16.515263164	31.533593692	47.471076851	25.73082784	35.282538527	41.170112144	0.72927938051593	0.624988043510829
521066	3.1122982716e-05	7.6732363233e-07	-0.013256406161	0.18184505111	9.5436513961	0.16812590448	-2.7642330523e-05	-0.016904902665	0.055953515446	36.168178019	-0.73103680382	0.0060780869033	-0.65565188074	22.753388373	35.977509217	-0.72594295395	-1.6884362685	59.363268375	18.65338064	39.526789242	37.636520368	0.95217752542	2.017678248	0.47191742607	12.359913474	29.945134061	256.74103391	0.53378856061	0.99238032281	4.2326604801	2.4288563128	7.3145352791e-05	0.00034553983895	-0.077077358515	-0.15284382118	-0.00015409472809	0.00095337806127	-0.04651222609	-0.58139997366	30.531274	29.44083642	177.16025428	103.35736029	0.58341167273	0.96390474253	43.947060391	4.218742175	14.489010194	16.205497979	18.524485746	34.404267035	49.742876041	22.457114112	30.09616608	37.549969869	0.746178568137407	0.598059444264424
521069	-2.8226900734e-05	-0.00015941473144	-0.0053309467078	0.12854529688	11.470856795	0.20292265506	0.0011417337419	-0.088080865006	1.388319359	31.530128979	-0.61352434093	0.033934288991	-2.8471658374	78.681593776	37.520915575	-0.76790713163	-1.1282245146	48.447875556	13.376552824	30.866378802	42.035571477	1.3618562692	3.1424816266	0.43336968389	9.4012560363	25.308424904	184.1285611	0.62270271414	0.97326840149	2.747224356	2.2722878518	-1.8594567577e-05	-0.00017806734752	-0.031674985914	-0.35995875589	-0.00015561539751	-0.0030560053664	-0.029381086822	-0.04546489626	24.867609525	29.013727502	122.64267861	86.726220385	0.70714551713	1.4338984854	55.108102791	5.0930991531	12.958541633	14.930012921	16.41279689	30.213086808	44.788702695	25.314733672	35.665558882	42.786905852	0.709780933357981	0.591646747244676
522068	4.2181979411e-05	0.0014995344469	-0.014204569252	0.010484164515	11.881380425	0.21039367138	0.00054378574496	-0.060816876603	1.2538903372	29.526488541	-0.56638323577	-0.091930142014	9.1490668016	-303.6558025	24.403254165	-0.45368860279	-0.92785698757	42.85691453	11.800117756	33.746382763	40.565551594	1.2020711043	3.4377243034	0.34967059549	10.166260021	30.987458791	185.56848765	0.64614647451	0.94310172254	2.4482668926	1.7645456461	-1.1262659209e-05	3.5325845823e-05	-0.030285729953	-0.14170693697	-8.2426172455e-05	-0.0012047587249	-0.065335775993	-0.177192548	22.830502495	31.238270061	86.049852673	48.310906523	0.56142927643	1.2476644567	51.287911018	4.5221027686	11.45336803	10.691683086	16.339797254	29.629379869	44.345166701	22.318479185	33.469287326	36.676944393	0.666834610716742	0.608515228145876
525072	-2.3667725096e-05	0.00019763751232	-0.0019692442317	0.11594331704	7.0150673518	0.12305150905	0.0010077871519	-0.10693926012	2.1997329697	43.576072896	-0.951491133	0.036326478425	-3.3684024908	103.34926633	28.819155612	-0.5501901049	-1.0642190286	46.781929561	15.560626382	34.144571409	41.936816738	1.2282133003	2.6950596787	0.45572768203	12.763823632	27.89774206	174.90451672	0.5277731343	0.97897776811	3.5347528913	4.1177328846	2.4532912815e-05	0.00045689062141	-0.046112432814	-0.26484087101	-0.00010740171215	-0.00070247392057	-0.040801222871	-0.19060939356	25.660526858	30.646346974	113.25206162	71.266197374	0.62927064068	1.2390028909	51.092979137	3.2915982042	14.091298131	13.910890901	14.634709481	31.435668288	46.564875584	24.406922721	32.753889599	42.524727897	0.745161048651308	0.573946593617636
525073	4.0439067096e-06	0.00096335778795	-0.016588738934	0.065292403478	9.2217390569	0.16235405329	0.0011055544119	-0.12240281973	3.110038058	38.95961788	-0.80861772435	0.031208545162	-3.2975322338	115.53691214	25.646058019	-0.48010849811	-2.5899370208	68.887937886	16.265839783	37.891944036	38.634153155	1.0195875176	2.375171136	0.42926907543	13.523328279	32.868193918	227.99710367	0.59110630343	0.96268420774	2.5645464172	6.007885188	-4.1098598243e-05	-0.00018781891794	-0.013912570122	-0.079733826143	-4.9342450599e-05	-0.00048522126334	-0.079314083475	-0.061538060752	23.262851242	30.356318858	54.804869399	26.0990787	0.47621824459	0.76844026753	37.540126073	3.4943879319	14.048837788	13.847150028	16.111395917	33.69865765	47.111124599	20.862108642	29.363385301	41.838516867	0.710480362810535	0.498634038781019
528073	-3.1466303039e-05	0.00020191358742	0.0019276926479	0.051580541132	3.5139215908	0.061406510323	0.00098889415094	-0.09247501648	1.837464099	37.116171413	-0.75673783753	0.0066603338933	-0.64921155844	20.620666894	20.177817398	-0.36748885315	-0.9947117284	44.848100891	14.373014905	38.003906885	38.756442695	1.0198015381	2.6964727269	0.37819835072	11.640684531	30.424129628	170.74244876	0.48309439669	0.97561097948	3.3130153206	2.3994680142	-8.1134646698e-05	-0.00042536802693	-0.0093366192911	-0.10246292279	-0.00014421294914	-0.0005928287681	-0.041248809367	-0.35765440369	23.344083129	30.424129628	108.87431711	59.30323328	0.54469442247	0.75533787086	37.065132644	4.8227798638	13.92937132	15.1449553	16.72324995	33.575093502	48.950189441	25.195895096	32.747608179	40.70316854	0.769396499380292	0.619015570525901
528075	-7.4654965497e-06	0.00024772669305	-0.010489886049	0.21766059986	19.768150279	0.35939434494	-0.0018738571319	0.046395467099	-0.59541884139	34.769701093	-0.69423413338	0.0098544666554	-0.8241753605	22.306568355	26.811276034	-0.5053833936	-0.64124247752	32.669717364	15.016092998	33.286422723	37.987959853	1.1412448904	2.5298165014	0.45111765607	10.954017301	24.779297153	192.28750564	0.52221580968	0.97407160935	4.2467002334	2.2759444812	4.8931795262e-05	0.00085845839803	-0.07009999503	-0.41543862185	6.6442145337e-05	0.00077066146522	-0.14302774137	-0.5714688888	27.786669853	29.883572495	215.12717399	146.91425779	0.68291817843	1.1064483011	47.892952347	3.2854328785	14.737732123	16.286639147	15.892814432	34.342868637	49.81204495	22.07336657	26.027408506	34.926830598	0.848081612309251	0.631988823264828
528077	-6.0199771168e-05	-0.00029000656678	0.0071487211828	0.11880967948	6.9073305702	0.12114311498	0.0014002078574	-0.11566670759	2.3099170572	33.899647059	-0.67196317148	-0.0049506573722	0.51147497121	-18.212458955	32.423023753	-0.63518311949	-1.1523092241	49.047816279	15.917129454	37.080280122	44.581898002	1.202307476	2.8008755052	0.42926130552	11.205896235	30.824377094	257.03021371	0.60838693493	0.97035709727	2.8914925032	2.3544570951	-3.8739284028e-05	-0.00039010915037	-0.016398762471	0.045588863984	-7.2481743665e-05	-0.00044328637717	-0.039677139472	-0.1910293819	27.262864862	33.099250923	140.66628927	98.059697308	0.69710872319	1.1498891508	48.988178314	6.4742882238	14.335430902	13.923240095	19.420374568	35.817026078	50.669594233	25.653424177	36.549635093	45.715648303	0.701879077909403	0.561151927825041
608081	4.3808113184e-05	0.0022580228669	0.0088664995112	0.022403801202	15.984864572	0.2864595241	-0.003451559986	0.1279822615	-1.922225584	33.157461359	-0.65332181507	-0.014181000548	1.2142162194	-34.917964534	20.339801455	-0.37070115607	-0.90311264655	42.085591357	14.579970899	30.550774711	37.726293452	1.2348719078	2.5875424383	0.47723735445	11.396970079	24.197391076	203.4237281	0.56934810922	0.95346703811	0.83845946868	-0.22632746062	-0.00010526684626	-0.00078236894895	-0.014725898959	0.0023589718904	-0.00017147786482	-0.0010894066143	-0.034110828636	-0.048390725099	26.961176561	27.374082894	138.34233586	104.29892808	0.75391909086	1.1417924703	48.787609006	4.3335480223	14.020195918	14.697513566	16.16775257	31.559519525	44.731962669	22.435581497	32.411103089	39.34062237	0.692219003944189	0.570290456668238
608082	-0.00085962474496	-0.014177290769	-0.07011017787	-0.042924948246	3.9237759308	0.068590069387	0.00097124435914	-0.061594769791	0.44133266894	28.412361674	-0.54097684342	-0.0067691078407	0.55252762471	-15.248263784	15.381505924	-0.27509864954	-0.7287690782	36.083408541	13.110892815	29.483154522	43.191971203	1.4649711641	3.2943577385	0.44469097785	11.164338311	22.965413845	216.65354734	0.57237393663	0.9542918332	2.2297656476	0.86362137849	4.411401976e-06	8.9381267472e-05	-0.038541658286	-0.18472791257	-5.7936720313e-05	-0.00058539423878	-0.055198917834	-0.17314207932	26.391706853	28.125291881	175.5286313	131.55186525	0.74946100972	1.3449442849	53.368266691	2.4747189555	12.608732963	15.067270695	14.001688199	27.99240065	44.159052003	26.037561253	35.946709473	41.969762048	0.724337822146339	0.620388584124479
613097	-8.8821250786e-06	-1.9238024006e-05	-0.0097064417742	0.27893680568	18.389116549	0.33244476553	0.0014315280385	-0.14963601197	3.1893748062	45.483550622	-1.017023173	-0.0035044537197	0.36893338862	-13.256370036	29.573207749	-0.56746071106	-0.95992308344	43.828567186	17.629430148	33.750003471	36.167295151	1.0716234498	2.0515294509	0.52235343215	14.052344522	27.288582141	228.51920116	0.56922913717	0.96221073941	2.9826125892	1.7866158485	-2.7911047352e-05	-0.00028924241515	-0.050601986271	-0.2246815199	-0.00020385527646	-0.0019978586245	-0.059233698838	-0.2368320015	29.381667173	29.525227986	137.06154805	86.223178124	0.62908364417	1.1344993093	48.605561119	4.3335574305	16.891876694	15.906801467	16.51079656	34.255945475	46.041555024	21.057103523	29.021687883	36.149088496	0.725564398869254	0.582507177887211
615083	-0.00014430353255	0.0032748055102	-0.020159431966	-0.0035667891355	0.62150142316	0.010847671599	-0.00058208051398	0.0038443550369	0.13350708269	31.427272434	-0.61105614182	0.0067103561766	-0.68436347133	22.722237253	26.175756722	-0.491535538	-1.5040748574	56.381635163	14.577732619	37.736218703	38.505372514	1.0203823763	2.6413828213	0.38630613029	11.473210226	31.655617611	233.00581063	0.61068878358	0.95588825147	4.8488948048	5.5693533957	-6.5762431667e-05	-0.00012310713401	-0.0072798227199	-0.025273686231	-0.00012830107858	0.00036937703495	-0.043881253286	-0.29676919676	22.671584051	31.655617611	80.761261486	38.252958271	0.47365478903	1.3027074784	52.489000657	1.9028921681	9.8847082485	10.143839519	14.540475576	31.135441942	45.922382914	24.888557487	30.81230185	38.040000629	0.807747425303118	0.654273319544219
615084	-4.6985303323e-05	0.0001437995791	0.0064763763214	0.22980502845	12.876742351	0.22860339867	0.00013590966368	-0.068936573595	2.1496982122	43.950945333	-0.9640355546	0.064477367512	-6.4754718236	215.8604256	33.605610341	-0.66453956351	-1.1421458636	48.796396818	15.727688753	36.451009319	37.154244659	1.0192926164	2.3623461299	0.43147471215	13.411726284	31.445879974	187.76196036	0.56988554485	0.96911802954	4.0602488087	3.8054631948	-6.8733599486e-05	0.00024939294006	-0.018818995698	-0.15276278241	-0.00014444210693	0.0014568743291	-0.0651772292	-0.87194006141	27.086782011	30.695110572	110.59638251	51.380235091	0.46457428286	1.0306616591	45.865062952	5.376202948	14.869440439	11.677717788	17.512769415	34.114673025	46.514500579	21.341414897	28.431160632	34.981849436	0.750634670643016	0.61007108660863
615085	-3.5610472899e-05	0.00085205647528	-0.016889849288	0.24508462478	16.782829264	0.30159082639	-2.9258159216e-05	-0.032701006117	0.84008338444	35.104763826	-0.70293599168	0.031610184012	-3.2988353161	114.12303091	24.872419659	-0.46359958922	-0.76173702916	37.297867188	15.354995989	37.919467228	40.270878859	1.0620106716	2.6226564233	0.40493701814	12.847096547	31.950188832	208.25898206	0.55164779868	0.97182520849	3.1107168866	1.5297393226	-3.0794360611e-05	-0.00020476794847	-0.022097235993	-0.16597789973	-9.8444979716e-05	-0.00043627838388	-0.06228713509	-0.36684758843	25.722819886	34.22419965	125.20389773	84.957206108	0.67855080913	0.77667749569	37.835682985	3.7283239959	13.593502471	13.86606855	16.687352459	33.724194519	48.438240395	23.849365346	33.022342159	42.807425016	0.722219073110174	0.557131510178103
615123	-1.3763464945e-05	0.00081923380628	0.0021395032574	-0.085149743306	0.045936131458	-0.00080173691142	0.00058042576531	-0.041131008802	0.34016535477	27.295591278	-0.51604104619	0.011057020642	-1.0439218565	32.219539959	24.947378006	-0.46519000406	-0.80294328253	38.762488567	14.228321223	36.972484925	43.485451934	1.1761571348	3.0562602046	0.38483540537	10.325375466	27.280231922	236.29437726	0.52834338572	0.99022276637	2.8872964913	0.91434148046	2.1369374388e-06	4.3738224933e-06	-0.039094324854	-0.30757659664	-0.00011962515065	-0.0019473184558	-0.040696545357	-0.16985893502	23.895962821	31.556225894	153.72748765	112.38007187	0.73103433603	0.68759123172	34.512072336	2.9029937532	11.369384442	15.116429592	14.325809994	29.981472059	48.173009031	27.820074018	35.576838071	42.430165467	0.781971516481595	0.655667346846362
616087	-0.00015345014563	-0.0036687217089	-0.031520481264	0.062794999938	9.7934223816	0.17261176884	0.00080652028246	-0.059011064222	0.53784190555	34.031693615	-0.67531364095	0.0034550229899	-0.3356178937	10.598227786	10.285657004	-0.18147221182	-0.53519004699	28.155246319	18.749536077	38.765308014	39.261703049	1.0128051358	2.0940093071	0.4836679247	17.378387772	31.20689163	365.19492348	0.52803714973	0.96695074902	2.919781222	1.0657417977	3.1222219934e-05	0.00039949173848	-0.067118794234	-0.11280009204	-0.00013513716783	0.0006616342608	-0.052284678471	-0.25330523613	29.093062351	33.726363758	141.25791102	86.084704296	0.60941510232	0.88540894158	41.521965372	1.8147755764	14.971800782	18.310541466	17.34677354	36.205792587	53.792949529	24.09646507	32.608449436	44.238829217	0.738963841788727	0.544690388432347
616092	-1.8248000519e-05	-0.00018987293165	-0.0074277459842	0.093889437401	8.0918869734	0.14217661146	0.00084490162409	-0.073645208532	1.1599207463	34.547836662	-0.68851094464	0.0096437208045	-0.95040664794	30.944763322	9.6689121634	-0.17037474365	-1.0174928821	45.496776573	13.78844196	35.620847823	36.106413939	1.0136315149	2.6185999871	0.38708910099	12.131260254	28.166707659	192.30358698	0.5207269357	0.96168310968	5.2681451691	3.3332896822	4.8363684666e-05	0.00021069266547	-0.063550911193	-0.16570284679	-0.00021216286472	0.00011795883457	-0.048351032696	-0.38730956998	22.676826461	29.368988331	120.14564929	69.398631738	0.57762084728	0.80985300087	39.002386485	1.6915962312	12.833775676	14.33999622	15.187880174	32.443808678	48.379243053	21.98186195	28.329095587	35.657532934	0.77594647815327	0.616471756211714
616093	7.8957228595e-06	0.00050745552509	-0.0099009509086	0.14148260129	16.29058409	0.29224208148	-0.0023861805244	0.10083828336	-1.6749624742	36.214694751	-0.73228328945	-0.0092999793254	0.96845958956	-33.908582464	26.43975464	-0.49726943491	-1.2391764897	51.096902266	15.304092977	35.814279241	41.360640715	1.1548645287	2.7025868686	0.42731818987	12.030530097	29.357611997	201.33041553	0.55861933102	0.94812777078	3.0436563619	1.1391501818	-1.6180521903e-05	-6.5506853309e-05	-0.027623635903	-0.11304626015	-6.4906191859e-05	-0.00041856410003	-0.062800447079	-0.23878387873	26.51678567	30.132412066	125.42203638	83.848229172	0.66852868596	0.82442950957	39.503176694	5.7030306559	14.589097107	12.934186828	18.464480683	32.235969158	47.038664256	23.470604385	32.98311879	40.629127287	0.711594453345508	0.57767926490781
616095	5.4615674798e-05	-0.00065242050906	-0.015432426124	0.19204061416	3.1379568405	0.054822502957	0.0013192851391	-0.12323573013	2.6995273083	39.309132507	-0.8187567243	0.016486865199	-1.7401718564	60.259297108	36.559075261	-0.74155789954	-0.87826644354	41.291752138	19.971003157	40.423308307	42.073707108	1.0408279003	2.1067397956	0.49404672683	13.727733214	31.189164162	280.98717194	0.53700078325	0.98352865454	6.1349646849	2.7273250269	-2.6789385572e-05	-0.00035677888032	-0.034224486642	-0.21156631598	-4.5446141575e-05	-0.0012155866049	-0.07356053757	-0.17652217682	28.9905978	31.766298171	150.77250601	79.105470071	0.52466774058	0.76000670286	37.235077417	6.7030460771	17.460093842	20.281899163	21.048253533	37.512178607	53.777258701	23.611677117	33.846572305	44.439546784	0.697609108072428	0.531321285335456
616096	-5.5518897858e-05	4.1812644778e-05	0.0045476043693	0.074533166672	14.019694061	0.24969312791	0.0011919114434	-0.088169316694	1.3197582224	36.062576895	-0.72821254548	-0.0285893398	3.1371621817	-114.6948684	7.735202922	-0.13583099525	-0.7901147103	38.312782147	16.013219921	37.777391293	39.861134262	1.0551584664	2.4892641491	0.42388368739	15.251707694	33.291270424	224.90394856	0.4936959602	0.98495046026	1.5352326746	0.30846210396	-7.8990602144e-05	-0.0005537991003	-0.013549367242	0.0022023162892	-0.00017396053662	-0.00047505384794	-0.028758618448	-0.2624093595	26.054360376	33.291270424	86.580556375	53.584838788	0.61890152976	0.78609795918	38.170815987	4.2392945971	14.296125888	14.536059683	17.768610648	34.572386696	50.989256622	25.105316768	33.201587806	40.107989614	0.756148076853816	0.625943035530178
616097	2.9415228749e-05	0.00048269462901	-0.012175499504	0.017517581679	2.1087856364	0.036821880708	0.0012291983919	-0.1034162595	2.0159100165	33.494436599	-0.66174593187	0.01054998713	-1.1251058827	39.334603752	26.955677863	-0.50855143541	-1.0543952068	46.51669346	17.289662961	40.670121622	38.575647498	0.94850091319	2.2311393568	0.4251195293	12.941918631	31.730090035	280.14831878	0.55123750624	0.98052129203	5.2617021722	3.682624313	-9.8080267563e-06	2.3411140458e-05	-0.051223611559	-0.23756751333	-0.00043248313852	-0.0032575089178	0.056857023949	0.15917083303	28.410586728	33.355550323	167.45888292	92.527163893	0.55253661244	1.0170743861	45.484992969	4.6473384075	16.759714149	18.673204591	17.778917333	36.570411202	53.474593111	28.984392577	36.234627642	39.975016354	0.799908663706091	0.725062682159472
616098	-9.7145462569e-07	-0.00017192330379	-0.017292474041	0.016198470546	11.300721665	0.19983281607	0.00092119644736	-0.062461591057	0.56709167662	34.457142805	-0.68618020389	-0.0015720858839	0.19984794687	-8.4329634268	14.040718379	-0.25008298493	-0.95183592333	43.58643938	18.009650412	39.478650204	43.350876102	1.0980840499	2.4070914821	0.4561870864	15.682560218	30.147055085	307.48848937	0.48700952779	0.97764513572	5.4593039581	3.7625709176	-1.8777037361e-06	-3.2370583534e-05	-0.046037223627	0.1488973656	-3.2771887904e-05	0.0014084707453	-0.074798680549	-0.2869890571	26.655983908	29.864279475	118.25180477	48.741802917	0.41218654559	0.71150414739	35.432008756	2.8758991742	11.974893768	15.643265186	16.019305582	32.576342458	52.68186733	26.893785179	32.351464039	38.184852891	0.831300405650245	0.704305061899001
616106	0.00019079542893	0.0045540671828	0.01563251295	0.011123040012	4.5420728866	0.079440608344	-0.00061690477432	-0.015595877594	0.15696231427	38.706040531	-0.80132418003	0.0067738702515	-0.55347286493	14.441233384	28.244372618	-0.53719281622	-0.99026985982	44.71989149	19.24433592	32.177907666	41.12264065	1.2779774582	2.1368698208	0.59806051157	15.39705564	24.973949752	331.68787488	0.58793785253	0.94825210359	3.3928398712	3.724833847	3.3663032205e-05	0.00025013643033	-0.060778796087	-0.25534700093	-0.00010110525174	-0.00075749675395	-0.039142140183	-0.17644001605	30.007667283	27.190552187	140.53614359	89.30767115	0.63547831093	1.1358812331	48.640157134	9.1362883828	15.084012276	17.986507408	23.491205513	32.08298398	47.638797058	27.092562809	30.281541091	40.898340201	0.894689036056101	0.662436731560504
617088	-1.414038344e-05	0.00020027421243	-0.0056481252078	0.21632210479	13.191114659	0.2343842787	0.00074561917432	-0.086489342681	1.870157941	43.861236479	-0.96101927016	0.052345123675	-5.4968509073	191.51519715	30.495515371	-0.58893959155	-1.432672107	55.085097141	17.289386185	37.641942202	41.326967948	1.0978968016	2.3903085688	0.45931174573	14.188489542	31.404320001	208.10547214	0.53147423467	0.97948500843	2.6476444568	2.766689856	-2.3491955412e-05	0.00062097523935	-0.03356109331	-0.41422872898	-0.00010863795864	-0.00092226177551	-0.053404715413	-0.22644208228	34.922728353	28.2855089	198.3962536	97.944761632	0.49368251594	0.97428745375	44.253838598	4.697763464	16.961510347	15.454435741	17.401841649	36.771383049	52.308716065	23.535935093	32.428812052	38.664983153	0.725772348837812	0.608714479452032
618099	-6.4071173771e-05	0.00055861277366	0.0023199471511	-0.070545080366	3.1665045858	-0.055322266298	0.00087739318602	-0.098571213577	2.1545929107	36.92878898	-0.75160725158	0.0066311375801	-0.63963522979	19.941103832	29.096859428	-0.55652106773	-0.88950770291	41.65333939	16.309228307	36.626597967	40.475706854	1.105090538	2.4817671378	0.445283734	11.340710127	28.604614805	247.5091115	0.58314039548	0.97302205145	4.0699245836	3.0443598033	-1.8356546178e-05	-0.00031041213354	-0.034026171532	-0.071185970906	-5.6386825436e-05	-0.00086491230764	-0.061294252619	-0.10474532085	21.715369106	26.793199252	84.150219607	52.784238395	0.62726203974	0.30638947299	17.034513041	3.7756638836	12.464505926	14.177040213	15.365792241	30.151926381	45.868732235	22.517021576	32.392671774	39.360155405	0.69512702543028	0.572076541474722
619100	-0.00015782096291	-3.429659466e-05	0.0010915052694	0.047161212168	5.0873831335	0.089025666893	-0.00032865020766	-0.016025367451	0.2810207653	36.28240675	-0.73410038577	-0.044685364403	4.25413617	-135.53034148	32.411372228	-0.63489775275	-4.7792716527	78.182102817	19.530122386	33.768819953	38.759889603	1.1478011271	1.9846209275	0.57834778986	15.829726484	30.268456683	335.53187276	0.6513409849	0.94177944076	4.1971826865	8.1353852682	-3.1595804196e-05	-0.00026043369194	-0.038119270045	-0.13943599251	-0.00018002583362	-0.0016452963091	-0.010946903983	0.0022789789704	27.78806169	24.614023709	46.200503727	10.285271862	0.22262250478	1.3436041391	53.340912683	5.3872344293	14.073744798	15.977557766	17.987328149	32.360481014	46.713139799	25.434790687	34.256994164	38.678296038	0.742470006715561	0.657598531797038
622102	-2.5575688335e-05	-0.00029666382464	-0.0025201578492	0.41510448789	19.506618684	0.35424858161	-0.00026336347023	-0.044144772737	1.5566627047	45.494779169	-1.0174219318	0.010601518375	-0.92531037325	25.481165224	41.655754113	-0.88958319665	-1.3323888917	53.110613014	17.939613423	35.381799907	44.206417088	1.2494112002	2.4641789121	0.50702941823	14.648877841	31.233006489	220.84339163	0.59726101268	0.95874130101	4.25598481	3.1085575278	-3.3719157161e-06	0.00011866225031	-0.031623746972	-0.24387910588	-4.6321242155e-05	-0.00058424293957	-0.058513165365	-0.2660427312	28.655034791	30.195808135	91.732347623	50.226305392	0.54753101488	0.91123452335	42.340862671	8.9426040251	18.552846447	15.036145402	21.451665034	36.65590463	47.606992074	24.046828756	34.226475347	44.708242917	0.702579757693564	0.537861190399329
622103	-0.0003807107375	-0.0065216938667	-0.02667738923	-0.06851485748	3.7897149903	-0.066239629664	0.00040535797969	-0.032881495872	0.18784478926	27.53664366	-0.52138018627	0.0058791168787	-0.58255063103	18.807140817	18.75431316	-0.33953821418	-0.76329571876	37.354339035	16.281926857	38.088577404	50.136299011	1.3163079965	3.0792607933	0.42747532113	13.785007795	30.572506586	342.97557268	0.56330067948	0.97807693464	2.4164599887	0.96129324321	-4.1838355355e-05	-0.00050957412577	-0.0048255287775	-0.013749475592	-2.4640796937e-05	-0.00017028748896	-0.047242705853	-0.34195320786	29.84446435	35.583220464	185.37607122	133.52500353	0.72029255258	1.4577979008	55.551196724	4.9605347594	11.934887676	16.369233811	19.393745158	34.731522747	50.543935041	30.223716164	41.40462671	55.085770342	0.729959875636323	0.548666488212038
622104	-1.8286916482e-05	0.00033293128832	-0.0090501150713	0.21447180427	16.317250464	0.29274731533	0.00035060579623	-0.052772447892	1.0782366472	34.937271175	-0.6985771807	-0.0025351948657	0.28693015642	-11.092923367	17.947524649	-0.3239074388	-0.79080223097	38.337026015	16.555620918	40.43310381	39.545144163	0.97803879583	2.3886234385	0.40945708733	13.291789903	31.315398302	253.73426606	0.5208333136	0.9693257662	3.9859239191	2.4353895353	5.1842731482e-06	0.00027414210979	-0.049661440589	-0.19144850451	-0.00018553183354	-0.00011424722273	-0.041614058502	-0.45431926804	28.019914439	32.054671722	179.83456438	103.10958921	0.5733580169	0.70498127215	35.183119842	2.6648821191	15.50611003	16.187878435	17.645409412	36.62225989	52.474586052	24.336403335	32.950037152	39.449962236	0.738585004403336	0.616892943760333
622105	-3.4727919705e-05	-4.2450722945e-05	-0.010205258724	0.19131406229	12.730084881	0.22591154584	0.0014032104214	-0.1053387964	1.5534539592	37.834638836	-0.77664827913	0.0034181152532	-0.32754553591	9.7513424494	32.10434087	-0.62740439775	-1.2599089844	51.560683113	17.73581857	33.276827267	39.86667646	1.1980311747	2.2478058344	0.5329780519	12.763297436	25.913638508	253.11905794	0.56831839436	0.98187632901	4.8293456231	4.9018628403	1.866407379e-05	0.00056303335284	-0.054376991678	-0.46295887157	-7.8011252776e-05	0.00042222929998	-0.062857224007	-0.66067043077	26.493924168	28.280377752	113.51278473	66.346075009	0.58448107998	1.2716600257	51.819420616	1.6214818248	12.573387888	15.163582842	13.368769137	30.690971454	45.762745692	25.541978861	28.9405375	36.15683448	0.882567535623691	0.706421876481705
623107	-4.6194968639e-05	-0.00082414497652	-0.00028780011095	0.2288510153	11.319937297	0.20018160813	0.0022434810257	-0.1418501171	2.0971844178	36.49542389	-0.73983748292	0.0046818646969	-0.41436922193	11.69277661	23.903758576	-0.44321748735	-1.0855026315	47.347730356	15.857420179	35.227481725	40.511337101	1.149992424	2.5547243273	0.45014345059	12.412092939	27.134032252	219.35377922	0.5193806773	0.98602216133	3.3880866144	2.1305200326	-6.7043016084e-05	-0.00021769421577	-0.015006085812	-0.04558496894	-0.00017122989308	0.00026584401477	-0.01348433069	-0.35402623656	25.81320695	28.439427329	133.38182245	92.263351911	0.69172358132	0.60690936115	31.253955645	2.7008997742	12.550140595	14.443398703	16.169484072	30.826001335	47.315420935	25.744112966	34.577872122	39.771093292	0.744525657193938	0.64730714785702
625114	-9.3129438612e-06	0.00019895656118	-0.0023809171862	0.0010561814783	2.6863082851	0.046919308618	0.00097936243955	-0.086470097861	1.4165388298	37.540537738	-0.7684516952	0.024591137188	-2.4496913703	81.002831411	7.3808219421	-0.12953697214	-0.79198419525	38.37866743	17.204518812	36.948995211	46.964988816	1.2710762105	2.7298054266	0.46562886796	15.972990815	30.575505742	286.67460772	0.55611264236	0.95671045143	3.6141923394	2.278834713	-3.4646779507e-07	-5.0519652922e-05	-0.036836858966	-0.30564316674	-4.0628435572e-05	-0.00084898082995	-0.058112756713	-0.34878119353	28.627682934	35.21077081	144.10545893	92.836651109	0.6442271639	1.5061619615	56.418256393	7.627718921	15.010096342	16.914478804	19.952296847	33.429906587	51.196319298	28.775274975	39.220019448	45.540341805	0.733688442280142	0.631863394838215
625115	-1.1728641905e-05	0.00045667662745	-0.0046268378935	0.025837238408	1.3722252541	0.023954428988	0.0015642172963	-0.15840724516	4.1573749302	40.633191425	-0.85810902901	0.0033598807996	-0.33159202098	10.2018938	24.280708261	-0.45111202712	-2.8321008877	70.552140294	17.279583404	39.376173512	42.367529374	1.0759686784	2.4518837279	0.43883348389	15.444589338	36.23539848	229.30701291	0.5857404813	0.97284033301	4.1689274038	6.2128799546	-1.3150999092e-05	-0.00054342966387	-0.029634301381	-0.11292155158	-7.1165070108e-05	-0.0020676102813	-0.063905366718	-0.013269053874	23.352371198	30.21557967	29.64751615	-0.21443362973	-0.0072327687975	0.97979372068	44.415244974	3.1860837399	12.266347877	11.958326515	15.929272764	30.80550417	45.97897671	24.706613141	32.136738196	41.334433452	0.768796540280967	0.597724731601578
625117	-0.00028049812225	0.00022267172661	-0.0071771816004	0.25136277838	12.118875804	0.21472603462	-8.3502305426e-05	-0.016785194012	0.37257163028	30.996332549	-0.60077350386	-0.030253545382	3.661545897	-147.71341765	2.7540709697	-0.048104660486	-2.0890321059	64.42000059	19.162895117	42.041642517	42.860337664	1.0194734339	2.2366316469	0.45580747967	18.955771504	40.057152819	461.53683992	0.66987411795	0.90382625257	10.72636255	12.587256851	4.1388109219e-05	0.00062445093339	-0.045336263143	-0.3827522373	2.8341495604e-05	-0.0013997124957	-0.12089077326	-0.16577898734	21.813734292	28.150214631	2.9964359651	0	0	1.3323374619	53.109551207	6.1985971443	14.174527897	14.555518513	20.604209348	34.48788349	49.314833999	22.177209479	27.994982789	37.029502913	0.792185144250706	0.598906486298368
625119	-1.898526139e-05	0.00014345798574	-0.0037909726058	0.083128379029	8.1046874844	0.14240454584	0.00036629157413	-0.055503298836	0.88646185129	36.815640586	-0.7485214179	-0.002700370382	0.28697984265	-10.432858143	23.047754573	-0.4254588136	-1.1756763615	49.616368588	16.674376254	35.306949809	44.621878808	1.2638270666	2.6760748425	0.47226895397	13.241957993	27.44650078	248.54026523	0.54446595354	0.97159997903	3.5912706791	3.6832607105	-1.1129052375e-05	-0.00029165959435	-0.03148669698	-0.024268803047	-3.1264076177e-05	-0.00033920117039	-0.06123553243	-0.24130252151	26.878870557	28.902139489	129.8024082	76.039025365	0.58580596787	1.0306177079	45.863841831	3.5387952629	15.798121331	14.810049879	16.563171392	33.693794663	48.553826276	24.108857301	35.372607693	43.410181212	0.681568560345948	0.555373339338549
629120	-1.6685306998e-05	0.00044113956318	0.0030005674263	0.11657078048	14.483256851	0.25830584005	0.00072545334686	-0.056731842044	0.54303649867	35.084657955	-0.7024118142	0.00087647255022	-0.046658147945	0.10959383771	16.590463273	-0.2979317169	-0.7476441619	36.783412983	15.567025188	34.545140349	40.3117725	1.1669303437	2.5895617186	0.45062851188	12.407168331	25.468169901	212.54678554	0.48402667462	0.97606335376	1.6384000359	0.8534335002	-9.8351080942e-07	-2.9537898066e-05	-0.051497061428	-0.15637188125	-0.00017795436998	-0.00080056384397	-0.026537479928	-0.25529966316	29.605932453	33.444901507	226.45007396	179.62222659	0.79320895528	1.5488651647	57.152338473	2.2310973603	15.244777705	16.989211248	16.304584203	35.490248178	51.307263248	24.133540762	33.877019309	39.985087998	0.712386781784799	0.603563527563254
652116	0.00024800187676	0.0060723779713	0.020349635751	0.028355335548	11.363953796	0.20098074916	0.00060118253337	-0.0552675001	0.63617508705	34.281755807	-0.68168725729	0.027345927975	-2.5762644431	80.278152554	22.071054063	-0.40546951198	-0.6163900041	31.649265324	17.261160596	35.341915339	44.137521701	1.2488718078	2.5570425265	0.48840478595	14.425077951	28.301480564	330.01588128	0.58911707738	0.96749317194	1.0526829167	0.042061965724	1.1579367938e-05	0.00030209275783	-0.053087311258	-0.45440267506	6.9452787958e-06	-0.00033598517027	-0.096979855957	-0.45272094102	31.741996827	32.1150494	226.21466381	169.76288258	0.75045038958	0.80594675752	38.866965019	5.5268723779	16.88331409	21.455605879	19.792437693	37.343366823	53.572181188	24.703077815	35.652865426	44.913644614	0.692877767883004	0.550012763989761
706125	5.5759457456e-06	-0.00074867147768	0.0063082597481	0.13838173623	5.7525429742	0.10073953868	0.0018575588034	-0.15786597941	3.5656271511	35.868885461	-0.72305199116	-0.040370161173	4.6125895203	-175.55180933	0.72116943858	0.012587445906	-1.7290972235	59.957638855	14.260808742	39.068392371	41.959516003	1.0740016022	2.9422956835	0.3650216422	13.705704994	35.748766651	178.74356352	0.52128392702	0.98218180345	3.4823589325	5.0841385085	-9.7901805577e-06	3.9627325391e-06	-0.026063158256	0.0087580368594	-0.00014380148103	0.00018762344599	-0.025108527008	-0.15772460142	23.711947245	32.152505455	55.896004915	10.544692634	0.18864841324	1.4908309117	56.14759976	4.3664954079	11.37459086	11.580682418	18.503562982	33.628209631	48.63057405	25.455584019	34.485245679	40.499080492	0.738158697083064	0.6285472092145
806135	3.2360413867e-07	-0.0001508883233	-0.0064539320839	0.24525489352	14.0466203	0.25019243796	0.0033942554749	-0.24391359045	4.569844462	46.510331338	-1.0541607457	-0.0070558308786	0.7907362391	-29.72048576	16.408377545	-0.2944748934	-1.0315952949	45.890990015	20.314141009	37.661971236	41.411849882	1.0995667121	2.0385725325	0.53938071594	18.671821013	32.801763917	280.20910189	0.51529343411	0.97598256846	5.5310313042	4.5832759921	5.4598914907e-06	0.00015471130402	-0.042166532045	-0.28519465078	-4.6296082819e-05	-0.0005103863947	-0.054506153368	-0.21925720964	28.276754997	29.476358908	66.701241924	14.403298997	0.21593749354	1.0149100146	45.423971944	4.7467128298	18.320723115	15.874088892	17.703597845	37.684429113	51.19467987	26.197356116	34.116123514	42.258091688	0.767887831841433	0.619937036187539
1503101	-0.00014900516803	0.00091523166621	0.0047944688253	-0.0087048216068	0.66734871278	0.011647959033	0.0013760238101	-0.11578568689	2.1487751224	40.066529431	-0.84108027684	-0.021093379206	2.2958829066	-83.555626575	17.148502259	-0.30856705252	-1.9675189622	63.05784949	19.114884879	37.776598997	44.024374753	1.16538746	2.3031462147	0.50599803546	17.718754105	33.773812772	317.89040225	0.56987551397	0.97105444859	3.2380161285	4.4248735133	-1.6113086379e-05	0.00022089736555	-0.033407094688	-0.085847740338	1.3395254483e-06	2.2956954363e-05	-0.080488417128	-0.054670075243	28.977494484	29.879988768	65.536216696	19.988293902	0.3049961519	0.99513628373	44.8603254	3.8957060107	12.814539424	15.996987391	17.273713697	34.001023983	48.613610718	22.087988196	31.000580723	41.220060835	0.712502400950588	0.535855303183955
